,Time,Age,AgeStart,Population,Deaths
0,1950,0-4,0,3406207,141300
1,1951,0-4,0,3658997.5,138855
2,1952,0-4,0,3933554.5,144568
3,1953,0-4,0,4239034.5,145059
4,1954,0-4,0,4469899.5,153022
5,1955,0-4,0,4646880.5,140891
6,1956,0-4,0,4853964.5,138391
7,1957,0-4,0,5094240.5,141463
8,1958,0-4,0,5339791,141332
9,1959,0-4,0,5564662,139380
10,1960,0-4,0,5769543,136598
11,1961,0-4,0,5907425.5,125209
12,1962,0-4,0,5985115,129874
13,1963,0-4,0,6091700.5,137260
14,1964,0-4,0,6179590,133470
15,1965,0-4,0,6230986,135537
16,1966,0-4,0,6318906,135325
17,1967,0-4,0,6378912,135986
18,1968,0-4,0,6354926,158876
19,1969,0-4,0,6351817,149051
20,1970,0-4,0,6394558.5,150633
21,1971,0-4,0,6503487.5,151042
22,1972,0-4,0,6672286.5,176798
23,1973,0-4,0,6870923.5,160233
24,1974,0-4,0,7056382.5,166960
25,1975,0-4,0,7227690.5,129756
26,1976,0-4,0,7399216.5,122580
27,1977,0-4,0,7544465.5,121922
28,1978,0-4,0,7662825.5,121848
29,1979,0-4,0,7811400,121632
30,1980,0-4,0,7982865.5,121285
31,1981,0-4,0,8148518,121309
32,1982,0-4,0,8332010.5,121229
33,1983,0-4,0,8514783,120968
34,1984,0-4,0,8684735.5,119785
35,1985,0-4,0,8838227,118319
36,1986,0-4,0,8961831,115856
37,1987,0-4,0,9044322.5,112090
38,1988,0-4,0,9090791.5,107966
39,1989,0-4,0,9111796,103615
40,1990,0-4,0,9119439,98643
41,1991,0-4,0,9118765.5,93655
42,1992,0-4,0,9102739.5,87607
43,1993,0-4,0,9053587,81079
44,1994,0-4,0,8942273.5,73906
45,1995,0-4,0,8741095,66201
46,1996,0-4,0,8446859,59371
47,1997,0-4,0,8095655.5,54294
48,1998,0-4,0,7733584.5,48818
49,1999,0-4,0,7404284.5,45533
50,2000,0-4,0,7161361.5,43139
51,2001,0-4,0,7025185,41195
52,2002,0-4,0,6981134,39980
53,2003,0-4,0,6998143.5,38558
54,2004,0-4,0,7047756.5,37698
55,2005,0-4,0,7095286,36523
56,2006,0-4,0,7109272.5,35328
57,2007,0-4,0,7101911.5,34920
58,2008,0-4,0,7103259,34685
59,2009,0-4,0,7112804,34286
60,2010,0-4,0,7129394.5,34012
61,2011,0-4,0,7178659,33952
62,2012,0-4,0,7252918.5,34131
63,2013,0-4,0,7332431,34332
64,2014,0-4,0,7411583,34103
65,2015,0-4,0,7485259.5,33872
66,2016,0-4,0,7537841,33382
67,2017,0-4,0,7550471.5,32905
68,2018,0-4,0,7525360.5,32468
69,2019,0-4,0,7481736.5,32059
70,2020,0-4,0,7429598,31546
71,2021,0-4,0,7368156.5,30705
72,2022,0-4,0,7301939.5,27991
73,2023,0-4,0,7227304,26884
74,1950,5-9,5,2454017.5,14703
75,1951,5-9,5,2509800.5,14492
76,1952,5-9,5,2584905.5,14376
77,1953,5-9,5,2692175.5,14610
78,1954,5-9,5,2905507.5,15992
79,1955,5-9,5,3201219,15323
80,1956,5-9,5,3453009.5,15380
81,1957,5-9,5,3727144.5,16070
82,1958,5-9,5,4030683.5,16244
83,1959,5-9,5,4266437.5,16448
84,1960,5-9,5,4449482.5,16322
85,1961,5-9,5,4661108,16124
86,1962,5-9,5,4902835,16775
87,1963,5-9,5,5147267,19254
88,1964,5-9,5,5370234,20229
89,1965,5-9,5,5572032,20545
90,1966,5-9,5,5708836.5,21138
91,1967,5-9,5,5783131.5,21693
92,1968,5-9,5,5880208.5,27799
93,1969,5-9,5,5958260,25138
94,1970,5-9,5,6001229.5,25266
95,1971,5-9,5,6081924.5,24698
96,1972,5-9,5,6131927,30122
97,1973,5-9,5,6106114,24303
98,1974,5-9,5,6106077,25685
99,1975,5-9,5,6149973.5,16241
100,1976,5-9,5,6261385,13815
101,1977,5-9,5,6444674.5,13818
102,1978,5-9,5,6667195.5,13435
103,1979,5-9,5,6882873.5,12895
104,1980,5-9,5,7087066,13044
105,1981,5-9,5,7280512.5,12423
106,1982,5-9,5,7443825.5,12209
107,1983,5-9,5,7576624,12623
108,1984,5-9,5,7712530.5,12656
109,1985,5-9,5,7865825,12364
110,1986,5-9,5,8032629,12316
111,1987,5-9,5,8216828,11858
112,1988,5-9,5,8400739.5,12352
113,1989,5-9,5,8571972.5,11960
114,1990,5-9,5,8725735,12138
115,1991,5-9,5,8848054,11593
116,1992,5-9,5,8928353,11820
117,1993,5-9,5,8973203.5,11175
118,1994,5-9,5,8996829.5,11281
119,1995,5-9,5,9011068.5,10488
120,1996,5-9,5,9017540,10610
121,1997,5-9,5,9008693.5,10373
122,1998,5-9,5,8967438,9689
123,1999,5-9,5,8863801.5,9423
124,2000,5-9,5,8669029.5,9062
125,2001,5-9,5,8380242.5,8586
126,2002,5-9,5,8033524,8126
127,2003,5-9,5,7673907,7639
128,2004,5-9,5,7346730.5,7244
129,2005,5-9,5,7106903,6866
130,2006,5-9,5,6973192.5,6780
131,2007,5-9,5,6930807.5,6654
132,2008,5-9,5,6948862.5,6792
133,2009,5-9,5,6999176,6724
134,2010,5-9,5,7047543.5,6733
135,2011,5-9,5,7062908,6569
136,2012,5-9,5,7057241.5,6562
137,2013,5-9,5,7060268.5,6496
138,2014,5-9,5,7070994.5,6432
139,2015,5-9,5,7088078,6470
140,2016,5-9,5,7137437.5,6528
141,2017,5-9,5,7211593.5,6506
142,2018,5-9,5,7290955,6594
143,2019,5-9,5,7370019,6532
144,2020,5-9,5,7443780.5,6396
145,2021,5-9,5,7496644.5,6308
146,2022,5-9,5,7509077,6163
147,2023,5-9,5,7484012,6004
148,1950,10-14,10,2376272,8035
149,1951,10-14,10,2349571,7672
150,1952,10-14,10,2338947.5,7376
151,1953,10-14,10,2345788,7220
152,1954,10-14,10,2368287.5,7143
153,1955,10-14,10,2406634.5,6307
154,1956,10-14,10,2463456,6103
155,1957,10-14,10,2539331,6162
156,1958,10-14,10,2646997.5,6083
157,1959,10-14,10,2859452.5,6335
158,1960,10-14,10,3153070.5,6672
159,1961,10-14,10,3403560.5,6861
160,1962,10-14,10,3676345,7352
161,1963,10-14,10,3977665,8626
162,1964,10-14,10,4211042.5,9255
163,1965,10-14,10,4391724,9420
164,1966,10-14,10,4600261,9999
165,1967,10-14,10,4837491,10707
166,1968,10-14,10,5076246.5,13847
167,1969,10-14,10,5294044,12962
168,1970,10-14,10,5491302.5,13395
169,1971,10-14,10,5625502.5,13351
170,1972,10-14,10,5696214.5,16207
171,1973,10-14,10,5790168,13596
172,1974,10-14,10,5867675,14444
173,1975,10-14,10,5911954.5,9556
174,1976,10-14,10,5996248.5,8259
175,1977,10-14,10,6054616.5,8136
176,1978,10-14,10,6040212.5,7679
177,1979,10-14,10,6002890,7214
178,1980,10-14,10,6011290.5,7055
179,1981,10-14,10,6134045.5,6749
180,1982,10-14,10,6327340,6713
181,1983,10-14,10,6561006.5,7064
182,1984,10-14,10,6788885,7214
183,1985,10-14,10,6999049.5,7174
184,1986,10-14,10,7192231,7195
185,1987,10-14,10,7355269,6996
186,1988,10-14,10,7489939,7256
187,1989,10-14,10,7635417,7044
188,1990,10-14,10,7802245,7218
189,1991,10-14,10,7978822,7005
190,1992,10-14,10,8169096,7285
191,1993,10-14,10,8356026.5,7052
192,1994,10-14,10,8528246,7272
193,1995,10-14,10,8682863,6951
194,1996,10-14,10,8806608,7138
195,1997,10-14,10,8888285,7080
196,1998,10-14,10,8934982,6790
197,1999,10-14,10,8959598,6741
198,2000,10-14,10,8955195.5,6696
199,2001,10-14,10,8930279.5,6589
200,2002,10-14,10,8902327,6514
201,2003,10-14,10,8852585,6393
202,2004,10-14,10,8747841,6260
203,2005,10-14,10,8556133.5,6010
204,2006,10-14,10,8272480.5,5831
205,2007,10-14,10,7932526.5,5527
206,2008,10-14,10,7581057.5,5361
207,2009,10-14,10,7271270,5060
208,2010,10-14,10,7053521,4888
209,2011,10-14,10,6933725,4692
210,2012,10-14,10,6897844.5,4667
211,2013,10-14,10,6918092,4631
212,2014,10-14,10,6968784.5,4616
213,2015,10-14,10,7017171,4658
214,2016,10-14,10,7032701.5,4678
215,2017,10-14,10,7027354,4633
216,2018,10-14,10,7030803.5,4649
217,2019,10-14,10,7041759,4585
218,2020,10-14,10,7059237.5,4421
219,2021,10-14,10,7109512.5,4424
220,2022,10-14,10,7173155,4407
221,2023,10-14,10,7232779.5,4365
222,1950,15-19,15,2520830.5,13851
223,1951,15-19,15,2514515,13511
224,1952,15-19,15,2477905.5,13020
225,1953,15-19,15,2422030.5,12460
226,1954,15-19,15,2370025.5,9812
227,1955,15-19,15,2333807,7864
228,1956,15-19,15,2310951.5,7431
229,1957,15-19,15,2303149,7285
230,1958,15-19,15,2312032.5,6999
231,1959,15-19,15,2336180.5,6850
232,1960,15-19,15,2375596.5,6702
233,1961,15-19,15,2432874.5,6643
234,1962,15-19,15,2508801,7068
235,1963,15-19,15,2615430,8445
236,1964,15-19,15,2824672.5,8739
237,1965,15-19,15,3113790.5,10109
238,1966,15-19,15,3360190,11183
239,1967,15-19,15,3628244,12497
240,1968,15-19,15,3922401,18190
241,1969,15-19,15,4149712,16814
242,1970,15-19,15,4327044.5,17435
243,1971,15-19,15,4535875.5,17735
244,1972,15-19,15,4769814,23911
245,1973,15-19,15,5000757.5,19693
246,1974,15-19,15,5212148,22038
247,1975,15-19,15,5408296,13080
248,1976,15-19,15,5548310.5,11172
249,1977,15-19,15,5630309,11167
250,1978,15-19,15,5735232,10886
251,1979,15-19,15,5748178.5,10538
252,1980,15-19,15,5713869.5,10180
253,1981,15-19,15,5776661,9890
254,1982,15-19,15,5817546.5,9690
255,1983,15-19,15,5793229.5,9712
256,1984,15-19,15,5802093.5,9631
257,1985,15-19,15,5859131.5,9454
258,1986,15-19,15,5981179,9419
259,1987,15-19,15,6174146.5,9407
260,1988,15-19,15,6409912.5,9876
261,1989,15-19,15,6650968,9823
262,1990,15-19,15,6883515.5,10255
263,1991,15-19,15,7099992,10180
264,1992,15-19,15,7285389,10596
265,1993,15-19,15,7438245.5,10376
266,1994,15-19,15,7591610.5,10669
267,1995,15-19,15,7761290.5,10429
268,1996,15-19,15,7943002,10732
269,1997,15-19,15,8137528,10754
270,1998,15-19,15,8328884.5,10809
271,1999,15-19,15,8499611,10971
272,2000,15-19,15,8598936,11115
273,2001,15-19,15,8620241,11046
274,2002,15-19,15,8607018,10962
275,2003,15-19,15,8575404.5,10809
276,2004,15-19,15,8541515,10674
277,2005,15-19,15,8516733.5,10494
278,2006,15-19,15,8504376,10470
279,2007,15-19,15,8496771.5,10375
280,2008,15-19,15,8473485,10447
281,2009,15-19,15,8423708.5,10286
282,2010,15-19,15,8312252.5,10187
283,2011,15-19,15,8102562,9815
284,2012,15-19,15,7822469,9512
285,2013,15-19,15,7515495,9085
286,2014,15-19,15,7227022,8667
287,2015,15-19,15,7012758.5,8393
288,2016,15-19,15,6893662,8211
289,2017,15-19,15,6858328,8089
290,2018,15-19,15,6879216.5,8117
291,2019,15-19,15,6930340,8077
292,2020,15-19,15,6979806,7158
293,2021,15-19,15,6997474,7572
294,2022,15-19,15,6976126.5,7797
295,2023,15-19,15,6945411.5,7657
296,1950,20-24,20,2182589.5,20162
297,1951,20-24,20,2222341,19987
298,1952,20-24,20,2285387.5,20050
299,1953,20-24,20,2357490.5,20229
300,1954,20-24,20,2413129,14355
301,1955,20-24,20,2443086,11213
302,1956,20-24,20,2446096,10796
303,1957,20-24,20,2418398,10522
304,1958,20-24,20,2370462,9921
305,1959,20-24,20,2324108,9457
306,1960,20-24,20,2290828.5,9011
307,1961,20-24,20,2269691.5,8715
308,1962,20-24,20,2262879.5,9240
309,1963,20-24,20,2271059.5,11142
310,1964,20-24,20,2292499,10599
311,1965,20-24,20,2328225,11843
312,1966,20-24,20,2381657.5,12425
313,1967,20-24,20,2453528.5,13216
314,1968,20-24,20,2553371.5,19391
315,1969,20-24,20,2753657,17820
316,1970,20-24,20,3033993,19618
317,1971,20-24,20,3279760,20477
318,1972,20-24,20,3542399.5,29620
319,1973,20-24,20,3822632,24384
320,1974,20-24,20,4038233.5,28136
321,1975,20-24,20,4212120,14992
322,1976,20-24,20,4424105,12507
323,1977,20-24,20,4671120.5,12978
324,1978,20-24,20,4921125.5,13176
325,1979,20-24,20,5114005,13215
326,1980,20-24,20,5271649.5,13379
327,1981,20-24,20,5380467,13128
328,1982,20-24,20,5425839,12841
329,1983,20-24,20,5495013.5,13053
330,1984,20-24,20,5548564,13085
331,1985,20-24,20,5570475.5,12783
332,1986,20-24,20,5632741.5,12662
333,1987,20-24,20,5674442,12375
334,1988,20-24,20,5652888.5,12461
335,1989,20-24,20,5668536,11965
336,1990,20-24,20,5736917.5,12198
337,1991,20-24,20,5874406.5,11992
338,1992,20-24,20,6085595,12587
339,1993,20-24,20,6338505,12591
340,1994,20-24,20,6587244,13205
341,1995,20-24,20,6824090.5,13109
342,1996,20-24,20,7049787.5,13619
343,1997,20-24,20,7244665.5,13638
344,1998,20-24,20,7408959.5,13807
345,1999,20-24,20,7563889.5,14036
346,2000,20-24,20,7694274.5,14260
347,2001,20-24,20,7797743,14335
348,2002,20-24,20,7898483,14438
349,2003,20-24,20,7985657,14443
350,2004,20-24,20,8053518.5,14435
351,2005,20-24,20,8105175.5,14325
352,2006,20-24,20,8135475,14355
353,2007,20-24,20,8140809.5,14244
354,2008,20-24,20,8133173.5,14328
355,2009,20-24,20,8143081.5,14171
356,2010,20-24,20,8185447,14228
357,2011,20-24,20,8247447,14103
358,2012,20-24,20,8314221,14233
359,2013,20-24,20,8360248,14232
360,2014,20-24,20,8348350.5,14147
361,2015,20-24,20,8242846.5,14007
362,2016,20-24,20,8034622,13652
363,2017,20-24,20,7756632,13106
364,2018,20-24,20,7452256,12627
365,2019,20-24,20,7166514.5,11995
366,2020,20-24,20,6955397.5,10129
367,2021,20-24,20,6839268,10503
368,2022,20-24,20,6802174.5,10892
369,2023,20-24,20,6812368,10785
370,1950,25-29,25,2046019,20119
371,1951,25-29,25,2062235,19741
372,1952,25-29,25,2062246,19251
373,1953,25-29,25,2056163,18754
374,1954,25-29,25,2065291.5,13298
375,1955,25-29,25,2094734.5,10483
376,1956,25-29,25,2143291,10279
377,1957,25-29,25,2214615,10460
378,1958,25-29,25,2295029,10414
379,1959,25-29,25,2356767.5,10397
380,1960,25-29,25,2389142.5,10189
381,1961,25-29,25,2393617.5,9963
382,1962,25-29,25,2367550.5,10440
383,1963,25-29,25,2320077,12220
384,1964,25-29,25,2272233,11301
385,1965,25-29,25,2236236,12198
386,1966,25-29,25,2211931.5,12371
387,1967,25-29,25,2201685,12708
388,1968,25-29,25,2204536,17804
389,1969,25-29,25,2220855.5,15333
390,1970,25-29,25,2253354.5,15512
391,1971,25-29,25,2310388.5,15256
392,1972,25-29,25,2382948.5,20843
393,1973,25-29,25,2476225.5,16551
394,1974,25-29,25,2665667,19400
395,1975,25-29,25,2936296.5,11119
396,1976,25-29,25,3175811,9622
397,1977,25-29,25,3443784,10260
398,1978,25-29,25,3740795.5,10742
399,1979,25-29,25,3960736,10950
400,1980,25-29,25,4131818,11279
401,1981,25-29,25,4337863.5,11387
402,1982,25-29,25,4568651.5,11621
403,1983,25-29,25,4798282.5,12281
404,1984,25-29,25,5001934.5,12730
405,1985,25-29,25,5178485,12838
406,1986,25-29,25,5286744.5,12809
407,1987,25-29,25,5332768.5,12527
408,1988,25-29,25,5402858.5,12818
409,1989,25-29,25,5458864,12380
410,1990,25-29,25,5484277,12509
411,1991,25-29,25,5550770.5,12120
412,1992,25-29,25,5598243.5,12368
413,1993,25-29,25,5583282.5,11807
414,1994,25-29,25,5602881,11934
415,1995,25-29,25,5677194.5,11554
416,1996,25-29,25,5824659.5,11915
417,1997,25-29,25,6045716,12063
418,1998,25-29,25,6310903.5,12468
419,1999,25-29,25,6563611,12920
420,2000,25-29,25,6788850.5,13319
421,2001,25-29,25,6992890,13644
422,2002,25-29,25,7156676,13928
423,2003,25-29,25,7277658.5,14053
424,2004,25-29,25,7386353,14167
425,2005,25-29,25,7494925,14200
426,2006,25-29,25,7599219.5,14393
427,2007,25-29,25,7704078.5,14474
428,2008,25-29,25,7796636.5,14748
429,2009,25-29,25,7873278,14723
430,2010,25-29,25,7940432.5,14805
431,2011,25-29,25,7992397,14620
432,2012,25-29,25,8023958.5,14652
433,2013,25-29,25,8046012,14565
434,2014,25-29,25,8074472,14506
435,2015,25-29,25,8119955,14594
436,2016,25-29,25,8181698,14679
437,2017,25-29,25,8247843,14710
438,2018,25-29,25,8293088.5,14836
439,2019,25-29,25,8281020,14646
440,2020,25-29,25,8177005,12681
441,2021,25-29,25,7970790,13191
442,2022,25-29,25,7710364.5,13118
443,2023,25-29,25,7437792,12544
444,1950,35-39,35,1702009,17624
445,1951,35-39,35,1710040,17252
446,1952,35-39,35,1702777.5,16760
447,1953,35-39,35,1689850.5,16262
448,1954,35-39,35,1687752.5,12689
449,1955,35-39,35,1701775.5,10502
450,1956,35-39,35,1730853.5,10208
451,1957,35-39,35,1775670.5,10303
452,1958,35-39,35,1827800,10163
453,1959,35-39,35,1873783.5,10108
454,1960,35-39,35,1910100.5,9937
455,1961,35-39,35,1935648,9767
456,1962,35-39,35,1945730.5,10117
457,1963,35-39,35,1948909.5,11559
458,1964,35-39,35,1962871,11147
459,1965,35-39,35,1991790.5,12000
460,1966,35-39,35,2037079.5,12499
461,1967,35-39,35,2103376.5,13223
462,1968,35-39,35,2175405,18046
463,1969,35-39,35,2228075,16184
464,1970,35-39,35,2253618,16346
465,1971,35-39,35,2256250.5,15832
466,1972,35-39,35,2228510.5,19839
467,1973,35-39,35,2177650.5,15363
468,1974,35-39,35,2127951.5,16044
469,1975,35-39,35,2093407,9250
470,1976,35-39,35,2075123,7671
471,1977,35-39,35,2073253.5,7507
472,1978,35-39,35,2086359.5,7240
473,1979,35-39,35,2099522.5,7013
474,1980,35-39,35,2124094,6973
475,1981,35-39,35,2173977.5,6852
476,1982,35-39,35,2241823.5,6826
477,1983,35-39,35,2339389,7162
478,1984,35-39,35,2533024.5,7701
479,1985,35-39,35,2802020.5,8309
480,1986,35-39,35,3034088,8806
481,1987,35-39,35,3289064.5,9306
482,1988,35-39,35,3573001,10269
483,1989,35-39,35,3800376,10478
484,1990,35-39,35,3982531,11047
485,1991,35-39,35,4188773,11148
486,1992,35-39,35,4419717.5,11911
487,1993,35-39,35,4649704,11993
488,1994,35-39,35,4854763.5,12605
489,1995,35-39,35,5035918,12488
490,1996,35-39,35,5153139.5,12853
491,1997,35-39,35,5210101,12699
492,1998,35-39,35,5291655,12701
493,1999,35-39,35,5354276,12744
494,2000,35-39,35,5386288.5,12723
495,2001,35-39,35,5462582,12808
496,2002,35-39,35,5519109.5,12904
497,2003,35-39,35,5513949,12776
498,2004,35-39,35,5541225,12741
499,2005,35-39,35,5616535,12770
500,2006,35-39,35,5757485.5,13113
501,2007,35-39,35,5968534.5,13527
502,2008,35-39,35,6218534,14247
503,2009,35-39,35,6459071,14707
504,2010,35-39,35,6676239,15238
505,2011,35-39,35,6870640,15459
506,2012,35-39,35,7026718.5,15846
507,2013,35-39,35,7141825,16004
508,2014,35-39,35,7245777.5,16127
509,2015,35-39,35,7350308,16357
510,2016,35-39,35,7451462,16524
511,2017,35-39,35,7554538.5,16620
512,2018,35-39,35,7647526.5,16807
513,2019,35-39,35,7725996,16732
514,2020,35-39,35,7795119,14779
515,2021,35-39,35,7848380,16401
516,2022,35-39,35,7879128,16370
517,2023,35-39,35,7899915,16231
518,1950,30-34,30,1778052.5,17615
519,1951,30-34,30,1800641,17355
520,1952,30-34,30,1839365,17263
521,1953,30-34,30,1885346,17264
522,1954,30-34,30,1926740,13005
523,1955,30-34,30,1961231.5,10673
524,1956,30-34,30,1985801.5,10340
525,1957,30-34,30,1994830,10233
526,1958,30-34,30,1997975,9832
527,1959,30-34,30,2013516,9616
528,1960,30-34,30,2045135.5,9418
529,1961,30-34,30,2094108,9365
530,1962,30-34,30,2164997.5,10067
531,1963,30-34,30,2243428,12100
532,1964,30-34,30,2301883,11838
533,1965,30-34,30,2330613,12887
534,1966,30-34,30,2331576.5,13182
535,1967,30-34,30,2302633.5,13387
536,1968,30-34,30,2251626,17652
537,1969,30-34,30,2200921.5,14971
538,1970,30-34,30,2163884,14678
539,1971,30-34,30,2143827,14004
540,1972,30-34,30,2135855,17985
541,1973,30-34,30,2136682.5,14050
542,1974,30-34,30,2150454.5,15194
543,1975,30-34,30,2182065.5,8639
544,1976,30-34,30,2236591,7291
545,1977,30-34,30,2313455,7387
546,1978,30-34,30,2420236,7413
547,1979,30-34,30,2605867,7697
548,1980,30-34,30,2865660,8343
549,1981,30-34,30,3100623.5,8704
550,1982,30-34,30,3358567.5,9155
551,1983,30-34,30,3645405,10028
552,1984,30-34,30,3873045.5,10611
553,1985,30-34,30,4053414.5,10839
554,1986,30-34,30,4257478.5,11138
555,1987,30-34,30,4486171.5,11398
556,1988,30-34,30,4714379.5,12110
557,1989,30-34,30,4919104.5,12101
558,1990,30-34,30,5098365.5,12620
559,1991,30-34,30,5210409,12359
560,1992,30-34,30,5260915,12612
561,1993,30-34,30,5334289.5,12226
562,1994,30-34,30,5392359,12425
563,1995,30-34,30,5422978.5,11927
564,1996,30-34,30,5497788,12140
565,1997,30-34,30,5554399.5,11976
566,1998,30-34,30,5551864.5,11814
567,1999,30-34,30,5577699,11805
568,2000,30-34,30,5649630,11900
569,2001,30-34,30,5792606,12130
570,2002,30-34,30,6007075,12554
571,2003,30-34,30,6261447,13005
572,2004,30-34,30,6508387.5,13457
573,2005,30-34,30,6733678.5,13797
574,2006,30-34,30,6935438,14250
575,2007,30-34,30,7097212.5,14510
576,2008,30-34,30,7216299,14897
577,2009,30-34,30,7322064,14986
578,2010,30-34,30,7427128.5,15182
579,2011,30-34,30,7528849.5,15113
580,2012,30-34,30,7632492,15291
581,2013,30-34,30,7725925,15330
582,2014,30-34,30,7804760,15343
583,2015,30-34,30,7873114,15449
584,2016,30-34,30,7925224.5,15483
585,2017,30-34,30,7956905.5,15416
586,2018,30-34,30,7978839,15461
587,2019,30-34,30,8006907.5,15306
588,2020,30-34,30,8052614,13492
589,2021,30-34,30,8114323.5,14677
590,2022,30-34,30,8187734,15060
591,2023,30-34,30,8251574,15057
592,1950,45-49,45,1422007,18413
593,1951,45-49,45,1429306.5,18110
594,1952,45-49,45,1416706,17583
595,1953,45-49,45,1394615,16987
596,1954,45-49,45,1382645,14506
597,1955,45-49,45,1387498,12403
598,1956,45-49,45,1408145,12143
599,1957,45-49,45,1446548,12298
600,1958,45-49,45,1493797,12278
601,1959,45-49,45,1533652.5,12313
602,1960,45-49,45,1561405.5,12190
603,1961,45-49,45,1576714.5,12010
604,1962,45-49,45,1577638,12284
605,1963,45-49,45,1572218,13565
606,1964,45-49,45,1574490,13138
607,1965,45-49,45,1588961.5,13841
608,1966,45-49,45,1615984,14270
609,1967,45-49,45,1657192.5,14905
610,1968,45-49,45,1702744.5,19271
611,1969,45-49,45,1741183.5,17596
612,1970,45-49,45,1771302,17853
613,1971,45-49,45,1792826.5,17567
614,1972,45-49,45,1798373,21482
615,1973,45-49,45,1796598.5,17614
616,1974,45-49,45,1806447.5,18706
617,1975,45-49,45,1833474.5,12369
618,1976,45-49,45,1880390.5,11051
619,1977,45-49,45,1948854,11261
620,1978,45-49,45,2025203,11321
621,1979,45-49,45,2086249.5,11264
622,1980,45-49,45,2121408,11389
623,1981,45-49,45,2129081.5,11083
624,1982,45-49,45,2108836.5,10657
625,1983,45-49,45,2069780.5,10517
626,1984,45-49,45,2030773,10263
627,1985,45-49,45,2001934.5,9902
628,1986,45-49,45,1982829,9558
629,1987,45-49,45,1975771,9279
630,1988,45-49,45,1982244,9378
631,1989,45-49,45,2001262.5,9076
632,1990,45-49,45,2033432,9259
633,1991,45-49,45,2082072.5,9070
634,1992,45-49,45,2148558.5,9435
635,1993,45-49,45,2244118,9421
636,1994,45-49,45,2433131.5,10242
637,1995,45-49,45,2696586,10856
638,1996,45-49,45,2926084,11862
639,1997,45-49,45,3178572,12711
640,1998,45-49,45,3460091,13766
641,1999,45-49,45,3684751.5,14599
642,2000,45-49,45,3870553.5,15230
643,2001,45-49,45,4087050.5,16007
644,2002,45-49,45,4327445.5,16898
645,2003,45-49,45,4566433.5,17671
646,2004,45-49,45,4779977.5,18353
647,2005,45-49,45,4966648.5,18886
648,2006,45-49,45,5086356,19409
649,2007,45-49,45,5144959.5,19541
650,2008,45-49,45,5224147,19943
651,2009,45-49,45,5283528.5,19988
652,2010,45-49,45,5308031.5,20034
653,2011,45-49,45,5369124.5,19982
654,2012,45-49,45,5411377.5,20213
655,2013,45-49,45,5395077.5,20030
656,2014,45-49,45,5411505.5,19946
657,2015,45-49,45,5475580.5,20161
658,2016,45-49,45,5604571,20573
659,2017,45-49,45,5802885,21263
660,2018,45-49,45,6040321,22179
661,2019,45-49,45,6271262.5,22841
662,2020,45-49,45,6483809.5,20388
663,2021,45-49,45,6674945.5,24378
664,2022,45-49,45,6822227,24324
665,2023,45-49,45,6924973.5,24434
666,1950,40-44,40,1465629,16913
667,1951,40-44,40,1481316.5,16667
668,1952,40-44,40,1515570.5,16654
669,1953,40-44,40,1558887,16782
670,1954,40-44,40,1595542.5,14157
671,1955,40-44,40,1621759.5,12139
672,1956,40-44,40,1636033.5,11791
673,1957,40-44,40,1635654.5,11629
674,1958,40-44,40,1629787,11162
675,1959,40-44,40,1632875.5,10880
676,1960,40-44,40,1649096.5,10627
677,1961,40-44,40,1678935,10503
678,1962,40-44,40,1723798,11017
679,1963,40-44,40,1774693.5,12666
680,1964,40-44,40,1818482,12512
681,1965,40-44,40,1852235,13374
682,1966,40-44,40,1874938.5,13762
683,1967,40-44,40,1882391,14117
684,1968,40-44,40,1881880.5,18030
685,1969,40-44,40,1891858,16073
686,1970,40-44,40,1917764.5,16234
687,1971,40-44,40,1962124.5,16093
688,1972,40-44,40,2025117.5,20504
689,1973,40-44,40,2092931.5,17184
690,1974,40-44,40,2143321.5,18681
691,1975,40-44,40,2169739,11925
692,1976,40-44,40,2175563.5,10308
693,1977,40-44,40,2156111.5,10049
694,1978,40-44,40,2118408,9510
695,1979,40-44,40,2077590,8983
696,1980,40-44,40,2046207,8742
697,1981,40-44,40,2025875.5,8338
698,1982,40-44,40,2017902.5,8023
699,1983,40-44,40,2023898.5,8083
700,1984,40-44,40,2043109.5,8106
701,1985,40-44,40,2076191.5,8045
702,1986,40-44,40,2125789,8015
703,1987,40-44,40,2193206,8040
704,1988,40-44,40,2289941.5,8465
705,1989,40-44,40,2481610,8762
706,1990,40-44,40,2747852,9754
707,1991,40-44,40,2978498.5,10155
708,1992,40-44,40,3232360,11191
709,1993,40-44,40,3514888.5,11687
710,1994,40-44,40,3740935.5,12539
711,1995,40-44,40,3923406.5,12572
712,1996,40-44,40,4131159.5,13321
713,1997,40-44,40,4363675.5,13780
714,1998,40-44,40,4596709,14330
715,1999,40-44,40,4802723,14870
716,2000,40-44,40,4985825,15355
717,2001,40-44,40,5108895.5,15643
718,2002,40-44,40,5171124.5,15763
719,2003,40-44,40,5255105,15833
720,2004,40-44,40,5323213.5,15879
721,2005,40-44,40,5360328.5,15798
722,2006,40-44,40,5434839,16037
723,2007,40-44,40,5488763.5,16111
724,2008,40-44,40,5481196,16214
725,2009,40-44,40,5502505.5,16148
726,2010,40-44,40,5568126.5,16343
727,2011,40-44,40,5698908.5,16471
728,2012,40-44,40,5900216,17086
729,2013,40-44,40,6141210.5,17695
730,2014,40-44,40,6375642,18287
731,2015,40-44,40,6589677.5,18954
732,2016,40-44,40,6781762.5,19502
733,2017,40-44,40,6936061.5,19884
734,2018,40-44,40,7050066,20246
735,2019,40-44,40,7153116.5,20303
736,2020,40-44,40,7258140.5,18012
737,2021,40-44,40,7360162,20487
738,2022,40-44,40,7458695.5,20423
739,2023,40-44,40,7543489,20393
740,1950,55-59,55,907936.5,18478
741,1951,55-59,55,930623,18563
742,1952,55-59,55,950227,18615
743,1953,55-59,55,970050,18704
744,1954,55-59,55,996334.5,17823
745,1955,55-59,55,1030104,16274
746,1956,55-59,55,1072216,16448
747,1957,55-59,55,1124149,17063
748,1958,55-59,55,1177795.5,17404
749,1959,55-59,55,1220016,17704
750,1960,55-59,55,1247719.5,17723
751,1961,55-59,55,1260535.5,17555
752,1962,55-59,55,1255591,17740
753,1963,55-59,55,1241149,18947
754,1964,55-59,55,1234040.5,18331
755,1965,55-59,55,1239881,19004
756,1966,55-59,55,1258351.5,19472
757,1967,55-59,55,1292093.5,20279
758,1968,55-59,55,1331049,25073
759,1969,55-59,55,1361951.5,23456
760,1970,55-59,55,1382852,23795
761,1971,55-59,55,1393364,23474
762,1972,55-59,55,1389575.5,27460
763,1973,55-59,55,1380444,23244
764,1974,55-59,55,1380107,24237
765,1975,55-59,55,1393739.5,17602
766,1976,55-59,55,1423082,16238
767,1977,55-59,55,1466431,16497
768,1978,55-59,55,1515776.5,16589
769,1979,55-59,55,1562987,16617
770,1980,55-59,55,1602484.5,16969
771,1981,55-59,55,1629595.5,16838
772,1982,55-59,55,1643760,16508
773,1983,55-59,55,1653004,16658
774,1984,55-59,55,1672172.5,16771
775,1985,55-59,55,1704629.5,16812
776,1986,55-59,55,1751948.5,16835
777,1987,55-59,55,1818142.5,17133
778,1988,55-59,55,1891239.5,17929
779,1989,55-59,55,1947931,17829
780,1990,55-59,55,1979474,18241
781,1991,55-59,55,1987270.5,17669
782,1992,55-59,55,1969166,17662
783,1993,55-59,55,1933778.5,16680
784,1994,55-59,55,1898820,16430
785,1995,55-59,55,1873852.5,15623
786,1996,55-59,55,1858386.5,15511
787,1997,55-59,55,1854010.5,15243
788,1998,55-59,55,1862616.5,15151
789,1999,55-59,55,1882720,15195
790,2000,55-59,55,1916873,15393
791,2001,55-59,55,1969234,15692
792,2002,55-59,55,2039464.5,16157
793,2003,55-59,55,2138210,16785
794,2004,55-59,55,2326375,18089
795,2005,55-59,55,2585082.5,19937
796,2006,55-59,55,2810905,21746
797,2007,55-59,55,3058509,23650
798,2008,55-59,55,3333113,26057
799,2009,55-59,55,3555124.5,27727
800,2010,55-59,55,3733464,29112
801,2011,55-59,55,3930452.5,30325
802,2012,55-59,55,4148808,32078
803,2013,55-59,55,4365450.5,33588
804,2014,55-59,55,4557223,34887
805,2015,55-59,55,4722836,36127
806,2016,55-59,55,4824276,36864
807,2017,55-59,55,4868970.5,37226
808,2018,55-59,55,4935316,37663
809,2019,55-59,55,4987443.5,37644
810,2020,55-59,55,5013983.5,32467
811,2021,55-59,55,5074801,39421
812,2022,55-59,55,5107038.5,37670
813,2023,55-59,55,5077553.5,36993
814,1950,50-54,50,1119479.5,17795
815,1951,50-54,50,1160142.5,18057
816,1952,50-54,50,1211229,18502
817,1953,50-54,50,1263926.5,19012
818,1954,50-54,50,1304832,17817
819,1955,50-54,50,1331786.5,15952
820,1956,50-54,50,1343792.5,15677
821,1957,50-54,50,1337099,15453
822,1958,50-54,50,1321428,14853
823,1959,50-54,50,1314434,14463
824,1960,50-54,50,1321607,14169
825,1961,50-54,50,1342937.5,14056
826,1962,50-54,50,1380940,14673
827,1963,50-54,50,1426268,16495
828,1964,50-54,50,1463556.5,16492
829,1965,50-54,50,1488770.5,17419
830,1966,50-54,50,1501455.5,17815
831,1967,50-54,50,1500225,18115
832,1968,50-54,50,1491738,21912
833,1969,50-54,50,1490404.5,19859
834,1970,50-54,50,1501989,19935
835,1971,50-54,50,1526960,19743
836,1972,50-54,50,1563909.5,23921
837,1973,50-54,50,1605741.5,20688
838,1974,50-54,50,1642577.5,22165
839,1975,50-54,50,1673479.5,15862
840,1976,50-54,50,1699076,14469
841,1977,50-54,50,1712580.5,14404
842,1978,50-54,50,1721023,14083
843,1979,50-54,50,1741552,13827
844,1980,50-54,50,1776191,13997
845,1981,50-54,50,1824377.5,13972
846,1982,50-54,50,1892355,14063
847,1983,50-54,50,1967815.5,14684
848,1984,50-54,50,2026596,15089
849,1985,50-54,50,2059637.5,15133
850,1986,50-54,50,2067847,14880
851,1987,50-54,50,2048938,14485
852,1988,50-54,50,2011709,14319
853,1989,50-54,50,1974356.5,13539
854,1990,50-54,50,1946542.5,13395
855,1991,50-54,50,1928156,12751
856,1992,50-54,50,1921377,12784
857,1993,50-54,50,1927791,12313
858,1994,50-54,50,1946955,12467
859,1995,50-54,50,1980107.5,12198
860,1996,50-54,50,2030008.5,12520
861,1997,50-54,50,2097359.5,12731
862,1998,50-54,50,2193604,13164
863,1999,50-54,50,2380124,14135
864,2000,50-54,50,2642479,15581
865,2001,50-54,50,2876532,16940
866,2002,50-54,50,3134016.5,18498
867,2003,50-54,50,3419943.5,20139
868,2004,50-54,50,3652654.5,21400
869,2005,50-54,50,3842174.5,22336
870,2006,50-54,50,4052410.5,23637
871,2007,50-54,50,4284716,24882
872,2008,50-54,50,4514951,26351
873,2009,50-54,50,4716872.5,27396
874,2010,50-54,50,4888445,28423
875,2011,50-54,50,4993232,28755
876,2012,50-54,50,5039079.5,29085
877,2013,50-54,50,5106597.5,29240
878,2014,50-54,50,5159398,29311
879,2015,50-54,50,5183011.5,29379
880,2016,50-54,50,5242916,29661
881,2017,50-54,50,5284205.5,29935
882,2018,50-54,50,5268827.5,29844
883,2019,50-54,50,5285584,29635
884,2020,50-54,50,5350944,25961
885,2021,50-54,50,5479564,31163
886,2022,50-54,50,5667307,30957
887,2023,50-54,50,5887654.5,31825
888,1950,60-64,60,692276.5,19693
889,1951,60-64,60,715609.5,19980
890,1952,60-64,60,739587.5,20311
891,1953,60-64,60,763569,20670
892,1954,60-64,60,786986,20465
893,1955,60-64,60,811424.5,18979
894,1956,60-64,60,835773.5,19059
895,1957,60-64,60,857471.5,19395
896,1958,60-64,60,879533.5,19412
897,1959,60-64,60,907270,19656
898,1960,60-64,60,940736.5,19921
899,1961,60-64,60,981118,20327
900,1962,60-64,60,1030289.5,21533
901,1963,60-64,60,1079783.5,24126
902,1964,60-64,60,1117762,24435
903,1965,60-64,60,1141863.5,25776
904,1966,60-64,60,1151526,26323
905,1967,60-64,60,1144773.5,26566
906,1968,60-64,60,1128037,30640
907,1969,60-64,60,1117790,28013
908,1970,60-64,60,1120860,27960
909,1971,60-64,60,1136483.5,27720
910,1972,60-64,60,1164217,32581
911,1973,60-64,60,1198016,29131
912,1974,60-64,60,1226678,30985
913,1975,60-64,60,1248542,23870
914,1976,60-64,60,1264962,22317
915,1977,60-64,60,1271077,22217
916,1978,60-64,60,1273042,21730
917,1979,60-64,60,1280222.5,21367
918,1980,60-64,60,1298688,21483
919,1981,60-64,60,1330796,21495
920,1982,60-64,60,1375475.5,21554
921,1983,60-64,60,1425533.5,22380
922,1984,60-64,60,1469944.5,23010
923,1985,60-64,60,1505837,23306
924,1986,60-64,60,1532466,23177
925,1987,60-64,60,1546875,23064
926,1988,60-64,60,1556672.5,23313
927,1989,60-64,60,1576455.5,22755
928,1990,60-64,60,1608924.5,23255
929,1991,60-64,60,1655021,22990
930,1992,60-64,60,1718458,23973
931,1993,60-64,60,1788310,24020
932,1994,60-64,60,1843008.5,24884
933,1995,60-64,60,1874556,24554
934,1996,60-64,60,1883895.5,24822
935,1997,60-64,60,1868606,24387
936,1998,60-64,60,1837184.5,23793
937,1999,60-64,60,1805597,23208
938,2000,60-64,60,1783734,22831
939,2001,60-64,60,1771632.5,22501
940,2002,60-64,60,1769941.5,22340
941,2003,60-64,60,1780311,22261
942,2004,60-64,60,1802549.5,22343
943,2005,60-64,60,1837513,22607
944,2006,60-64,60,1887770,23168
945,2007,60-64,60,1954714.5,23808
946,2008,60-64,60,2048591,25001
947,2009,60-64,60,2227150,26915
948,2010,60-64,60,2471903,29757
949,2011,60-64,60,2684259.5,32056
950,2012,60-64,60,2917053,35113
951,2013,60-64,60,3175423,38333
952,2014,60-64,60,3385231.5,40770
953,2015,60-64,60,3555508,42715
954,2016,60-64,60,3743246,44949
955,2017,60-64,60,3951563,47534
956,2018,60-64,60,4158764.5,49993
957,2019,60-64,60,4342338.5,51779
958,2020,60-64,60,4504270,47335
959,2021,60-64,60,4602500,58324
960,2022,60-64,60,4640234,54506
961,2023,60-64,60,4697001.5,54325
962,1950,65-69,65,484705,20394
963,1951,65-69,65,503454,20812
964,1952,65-69,65,523349,21316
965,1953,65-69,65,544056.5,21873
966,1954,65-69,65,565179,22200
967,1955,65-69,65,587248.5,21004
968,1956,65-69,65,610592.5,21337
969,1957,65-69,65,634619,22012
970,1958,65-69,65,658797.5,22352
971,1959,65-69,65,682483.5,22795
972,1960,65-69,65,706210,23146
973,1961,65-69,65,729162,23465
974,1962,65-69,65,749625.5,24310
975,1963,65-69,65,769338.5,26429
976,1964,65-69,65,793302.5,26602
977,1965,65-69,65,821925,28258
978,1966,65-69,65,855717.5,29613
979,1967,65-69,65,896655,31367
980,1968,65-69,65,935759.5,37662
981,1969,65-69,65,963954.5,36233
982,1970,65-69,65,981464,36932
983,1971,65-69,65,987434,36627
984,1972,65-69,65,977893,41130
985,1973,65-69,65,962309.5,35718
986,1974,65-69,65,955215,36548
987,1975,65-69,65,961835.5,28719
988,1976,65-69,65,983343,27282
989,1977,65-69,65,1017738.5,27923
990,1978,65-69,65,1058043.5,28415
991,1979,65-69,65,1092001,28852
992,1980,65-69,65,1116248.5,29426
993,1981,65-69,65,1131636,29379
994,1982,65-69,65,1137428.5,28772
995,1983,65-69,65,1139845.5,28894
996,1984,65-69,65,1149586,29014
997,1985,65-69,65,1169884,29146
998,1986,65-69,65,1200642.5,29118
999,1987,65-69,65,1242794.5,29693
1000,1988,65-69,65,1289585.5,30890
1001,1989,65-69,65,1331693.5,30839
1002,1990,65-69,65,1366485.5,31787
1003,1991,65-69,65,1393081.5,31311
1004,1992,65-69,65,1408657,31847
1005,1993,65-69,65,1420344,30941
1006,1994,65-69,65,1441026.5,31414
1007,1995,65-69,65,1473215,31018
1008,1996,65-69,65,1518024,31927
1009,1997,65-69,65,1578476.5,32805
1010,1998,65-69,65,1644655,33937
1011,1999,65-69,65,1696520,34828
1012,2000,65-69,65,1726641,35510
1013,2001,65-69,65,1736276.5,35605
1014,2002,65-69,65,1723879.5,35243
1015,2003,65-69,65,1697044.5,34426
1016,2004,65-69,65,1670983.5,33631
1017,2005,65-69,65,1653256,33085
1018,2006,65-69,65,1642896,32810
1019,2007,65-69,65,1641851.5,32564
1020,2008,65-69,65,1651686.5,32829
1021,2009,65-69,65,1672050.5,33083
1022,2010,65-69,65,1703662.5,33694
1023,2011,65-69,65,1749180.5,34134
1024,2012,65-69,65,1809989.5,35280
1025,2013,65-69,65,1895685.5,36732
1026,2014,65-69,65,2061095.5,39552
1027,2015,65-69,65,2288767.5,43690
1028,2016,65-69,65,2485269,47398
1029,2017,65-69,65,2700037,51852
1030,2018,65-69,65,2938273,56767
1031,2019,65-69,65,3132569,60195
1032,2020,65-69,65,3294430,56859
1033,2021,65-69,65,3468560,72009
1034,2022,65-69,65,3659463,68905
1035,2023,65-69,65,3853001,71662
1036,1950,70-74,70,309131,19990
1037,1951,70-74,70,321819,20478
1038,1952,70-74,70,334545.5,21005
1039,1953,70-74,70,347647,21560
1040,1954,70-74,70,361656,22114
1041,1955,70-74,70,377454.5,21271
1042,1956,70-74,70,395064.5,21789
1043,1957,70-74,70,413685,22663
1044,1958,70-74,70,433094,23256
1045,1959,70-74,70,452989.5,23978
1046,1960,70-74,70,473055,24609
1047,1961,70-74,70,493596,25230
1048,1962,70-74,70,514613,26421
1049,1963,70-74,70,534751,28829
1050,1964,70-74,70,553732,29214
1051,1965,70-74,70,572339,30910
1052,1966,70-74,70,589472.5,32057
1053,1967,70-74,70,604199.5,33197
1054,1968,70-74,70,616751.5,38217
1055,1969,70-74,70,632214,36799
1056,1970,70-74,70,652714.5,37857
1057,1971,70-74,70,677996.5,38672
1058,1972,70-74,70,707031.5,44895
1059,1973,70-74,70,736464.5,41931
1060,1974,70-74,70,759643.5,44549
1061,1975,70-74,70,776803,37026
1062,1976,70-74,70,789712,35566
1063,1977,70-74,70,792816,35482
1064,1978,70-74,70,791074,34720
1065,1979,70-74,70,795009,34261
1066,1980,70-74,70,807552.5,34576
1067,1981,70-74,70,828608.5,34817
1068,1982,70-74,70,860151,35095
1069,1983,70-74,70,896457,36658
1070,1984,70-74,70,926604,37877
1071,1985,70-74,70,948270.5,38519
1072,1986,70-74,70,962728,38246
1073,1987,70-74,70,969208.5,38131
1074,1988,70-74,70,972800.5,38372
1075,1989,70-74,70,983308.5,37437
1076,1990,70-74,70,1003246.5,38226
1077,1991,70-74,70,1032256.5,37873
1078,1992,70-74,70,1071023.5,39388
1079,1993,70-74,70,1114064,39447
1080,1994,70-74,70,1153064,40914
1081,1995,70-74,70,1185725,40787
1082,1996,70-74,70,1211303.5,41764
1083,1997,70-74,70,1226958,41930
1084,1998,70-74,70,1239142.5,42054
1085,1999,70-74,70,1259121,42332
1086,2000,70-74,70,1289016.5,43169
1087,2001,70-74,70,1329697.5,44114
1088,2002,70-74,70,1384049.5,45572
1089,2003,70-74,70,1443145.5,47108
1090,2004,70-74,70,1489445.5,48332
1091,2005,70-74,70,1516460,49152
1092,2006,70-74,70,1525380.5,49554
1093,2007,70-74,70,1515080.5,49038
1094,2008,70-74,70,1492198.5,48447
1095,2009,70-74,70,1469871,47555
1096,2010,70-74,70,1454741.5,47088
1097,2011,70-74,70,1446257,46238
1098,2012,70-74,70,1446056,46216
1099,2013,70-74,70,1455399.5,46303
1100,2014,70-74,70,1474208,46647
1101,2015,70-74,70,1503081.5,47418
1102,2016,70-74,70,1544246.5,48374
1103,2017,70-74,70,1598835.5,50040
1104,2018,70-74,70,1675450.5,52280
1105,2019,70-74,70,1823502,56136
1106,2020,70-74,70,2029393,56906
1107,2021,70-74,70,2202257,74458
1108,2022,70-74,70,2388720,72244
1109,2023,70-74,70,2600483,78293
1110,1950,75-79,75,160491,15836
1111,1951,75-79,75,170928,16645
1112,1952,75-79,75,180837.5,17424
1113,1953,75-79,75,190408.5,18160
1114,1954,75-79,75,199840,18877
1115,1955,75-79,75,209880.5,18534
1116,1956,75-79,75,220647,19141
1117,1957,75-79,75,231558,19978
1118,1958,75-79,75,242869.5,20594
1119,1959,75-79,75,255011,21351
1120,1960,75-79,75,268051.5,22100
1121,1961,75-79,75,281979.5,22878
1122,1962,75-79,75,296583.5,24124
1123,1963,75-79,75,310989.5,26337
1124,1964,75-79,75,325172.5,27018
1125,1965,75-79,75,339151,28735
1126,1966,75-79,75,352789,30043
1127,1967,75-79,75,366435,31455
1128,1968,75-79,75,378101.5,35872
1129,1969,75-79,75,388326,34994
1130,1970,75-79,75,399214,35916
1131,1971,75-79,75,409654.5,36400
1132,1972,75-79,75,417104,40582
1133,1973,75-79,75,424777.5,37691
1134,1974,75-79,75,436670,39575
1135,1975,75-79,75,454173,34557
1136,1976,75-79,75,479100,34664
1137,1977,75-79,75,509352,36555
1138,1978,75-79,75,540392.5,38163
1139,1979,75-79,75,566060.5,39551
1140,1980,75-79,75,584699,40900
1141,1981,75-79,75,596391,41326
1142,1982,75-79,75,600677,40608
1143,1983,75-79,75,601616,40749
1144,1984,75-79,75,606582.5,40933
1145,1985,75-79,75,618139.5,41277
1146,1986,75-79,75,636588,41328
1147,1987,75-79,75,663001,42577
1148,1988,75-79,75,692532,44569
1149,1989,75-79,75,717629.5,44791
1150,1990,75-79,75,736421.5,46235
1151,1991,75-79,75,749715,45623
1152,1992,75-79,75,756985.5,46313
1153,1993,75-79,75,762722,44996
1154,1994,75-79,75,774274.5,45644
1155,1995,75-79,75,793452,45232
1156,1996,75-79,75,819935.5,46640
1157,1997,75-79,75,853724,48049
1158,1998,75-79,75,890491.5,49751
1159,1999,75-79,75,923538.5,51207
1160,2000,75-79,75,951051.5,52745
1161,2001,75-79,75,972492.5,53649
1162,2002,75-79,75,986148.5,54126
1163,2003,75-79,75,997260.5,54240
1164,2004,75-79,75,1015103,54656
1165,2005,75-79,75,1041283.5,55671
1166,2006,75-79,75,1076201.5,57269
1167,2007,75-79,75,1121956,59219
1168,2008,75-79,75,1170948,61914
1169,2009,75-79,75,1208726,63879
1170,2010,75-79,75,1230198,65332
1171,2011,75-79,75,1237097,65232
1172,2012,75-79,75,1228850,64996
1173,2013,75-79,75,1210789.5,63867
1174,2014,75-79,75,1193581,62675
1175,2015,75-79,75,1182353,61937
1176,2016,75-79,75,1176535.5,61226
1177,2017,75-79,75,1177275,61300
1178,2018,75-79,75,1185636.5,61616
1179,2019,75-79,75,1201834.5,61955
1180,2020,75-79,75,1228823,58277
1181,2021,75-79,75,1262142,72135
1182,2022,75-79,75,1304842.5,65415
1183,2023,75-79,75,1370550.5,67871
1184,1950,80-84,80,52165,7849
1185,1951,80-84,80,58455,8631
1186,1952,80-84,80,66162,9677
1187,1953,80-84,80,74270,10799
1188,1954,80-84,80,81740,11805
1189,1955,80-84,80,88644.5,12249
1190,1956,80-84,80,95437.5,13014
1191,1957,80-84,80,102083,13868
1192,1958,80-84,80,108685.5,14559
1193,1959,80-84,80,115380,15302
1194,1960,80-84,80,122263.5,16017
1195,1961,80-84,80,129378.5,16713
1196,1962,80-84,80,136628,17615
1197,1963,80-84,80,143783.5,19014
1198,1964,80-84,80,151150,19682
1199,1965,80-84,80,158860.5,20926
1200,1966,80-84,80,166670.5,22006
1201,1967,80-84,80,174607.5,23171
1202,1968,80-84,80,181754,25765
1203,1969,80-84,80,188418,25792
1204,1970,80-84,80,195321,26690
1205,1971,80-84,80,202291.5,27400
1206,1972,80-84,80,208573,29989
1207,1973,80-84,80,214747.5,28996
1208,1974,80-84,80,221217.5,30279
1209,1975,80-84,80,229012.5,27987
1210,1976,80-84,80,238660.5,28227
1211,1977,80-84,80,248228,29192
1212,1978,80-84,80,258523,29972
1213,1979,80-84,80,271345,31102
1214,1980,80-84,80,286468.5,32721
1215,1981,80-84,80,304111.5,34322
1216,1982,80-84,80,325161.5,35716
1217,1983,80-84,80,346704.5,38169
1218,1984,80-84,80,364176.5,40146
1219,1985,80-84,80,376894,41472
1220,1986,80-84,80,385575.5,41511
1221,1987,80-84,80,389750.5,41758
1222,1988,80-84,80,391760,42034
1223,1989,80-84,80,397236.5,41207
1224,1990,80-84,80,407567.5,42269
1225,1991,80-84,80,422569,42281
1226,1992,80-84,80,442787.5,44371
1227,1993,80-84,80,465332.5,45000
1228,1994,80-84,80,484812.5,47005
1229,1995,80-84,80,500022.5,47171
1230,1996,80-84,80,511602.5,48405
1231,1997,80-84,80,518812.5,48802
1232,1998,80-84,80,524965,49067
1233,1999,80-84,80,535095,49475
1234,2000,80-84,80,550337,50719
1235,2001,80-84,80,570346,52077
1236,2002,80-84,80,595519,53928
1237,2003,80-84,80,622663,55829
1238,2004,80-84,80,647119.5,57553
1239,2005,80-84,80,667688,59220
1240,2006,80-84,80,683936.5,60599
1241,2007,80-84,80,694727,61205
1242,2008,80-84,80,703773,62044
1243,2009,80-84,80,717598.5,63005
1244,2010,80-84,80,737332.5,64635
1245,2011,80-84,80,763465,66037
1246,2012,80-84,80,797189,68875
1247,2013,80-84,80,832684.5,71720
1248,2014,80-84,80,859825.5,73909
1249,2015,80-84,80,875046,75338
1250,2016,80-84,80,879870,75576
1251,2017,80-84,80,874129.5,75405
1252,2018,80-84,80,861756.5,74280
1253,2019,80-84,80,850325,72780
1254,2020,80-84,80,845999.5,66495
1255,2021,80-84,80,840968,80489
1256,2022,80-84,80,838625.5,70086
1257,2023,80-84,80,847251,70139
1258,1950,85-89,85,21669,4938
1259,1951,85-89,85,20315.5,4599
1260,1952,85-89,85,18936.5,4256
1261,1953,85-89,85,18277,4054
1262,1954,85-89,85,19086,4151
1263,1955,85-89,85,21236,4430
1264,1956,85-89,85,24241,4973
1265,1957,85-89,85,27797,5684
1266,1958,85-89,85,31532.5,6391
1267,1959,85-89,85,35079,7071
1268,1960,85-89,85,38384.5,7676
1269,1961,85-89,85,41631,8233
1270,1962,85-89,85,44880,8848
1271,1963,85-89,85,48027.5,9630
1272,1964,85-89,85,51125,10132
1273,1965,85-89,85,54240.5,10835
1274,1966,85-89,85,57306,11461
1275,1967,85-89,85,60326.5,12105
1276,1968,85-89,85,63074,13216
1277,1969,85-89,85,65792.5,13461
1278,1970,85-89,85,68778,14042
1279,1971,85-89,85,71889,14584
1280,1972,85-89,85,74786,15779
1281,1973,85-89,85,77708.5,15718
1282,1974,85-89,85,80839.5,16488
1283,1975,85-89,85,84437,15987
1284,1976,85-89,85,88876,16455
1285,1977,85-89,85,93707,17260
1286,1978,85-89,85,98758.5,17992
1287,1979,85-89,85,103921.5,18792
1288,1980,85-89,85,109236,19740
1289,1981,85-89,85,114590,20541
1290,1982,85-89,85,120011.5,20987
1291,1983,85-89,85,125966.5,22045
1292,1984,85-89,85,133108.5,23241
1293,1985,85-89,85,141411,24561
1294,1986,85-89,85,151206.5,25585
1295,1987,85-89,85,162728,27373
1296,1988,85-89,85,174227,29340
1297,1989,85-89,85,183965.5,30124
1298,1990,85-89,85,191555.5,31538
1299,1991,85-89,85,197226.5,31567
1300,1992,85-89,85,200776,32274
1301,1993,85-89,85,203794,31644
1302,1994,85-89,85,208991,32387
1303,1995,85-89,85,216960,32572
1304,1996,85-89,85,227526.5,34071
1305,1997,85-89,85,240548.5,35751
1306,1998,85-89,85,254406,37598
1307,1999,85-89,85,266183,39048
1308,2000,85-89,85,275308,40484
1309,2001,85-89,85,282218,41312
1310,2002,85-89,85,287009,41790
1311,2003,85-89,85,291548,42038
1312,2004,85-89,85,298645,42595
1313,2005,85-89,85,308826,43776
1314,2006,85-89,85,321722,45367
1315,2007,85-89,85,337460,47169
1316,2008,85-89,85,353999,49453
1317,2009,85-89,85,368501,51402
1318,2010,85-89,85,380454.5,53181
1319,2011,85-89,85,390053,54014
1320,2012,85-89,85,396685,54993
1321,2013,85-89,85,402484,55601
1322,2014,85-89,85,411516,56500
1323,2015,85-89,85,424294,57962
1324,2016,85-89,85,440827.5,59692
1325,2017,85-89,85,461453.5,62537
1326,2018,85-89,85,482583,65298
1327,2019,85-89,85,498434.5,67150
1328,2020,85-89,85,510331.5,62141
1329,2021,85-89,85,511993,76916
1330,2022,85-89,85,504879.5,67269
1331,2023,85-89,85,499006.5,66060
1332,1950,90-94,90,6350.5,2079
1333,1951,90-94,90,6210.5,2011
1334,1952,90-94,90,6178.5,1978
1335,1953,90-94,90,6131,1948
1336,1954,90-94,90,5914.5,1877
1337,1955,90-94,90,5615.5,1756
1338,1956,90-94,90,5316,1655
1339,1957,90-94,90,5028.5,1561
1340,1958,90-94,90,4963,1519
1341,1959,90-94,90,5335.5,1606
1342,1960,90-94,90,6084,1800
1343,1961,90-94,90,7056,2058
1344,1962,90-94,90,8173.5,2374
1345,1963,90-94,90,9308,2742
1346,1964,90-94,90,10371,3033
1347,1965,90-94,90,11357,3345
1348,1966,90-94,90,12295.5,3626
1349,1967,90-94,90,13215,3908
1350,1968,90-94,90,14052.5,4281
1351,1969,90-94,90,14841.5,4450
1352,1970,90-94,90,15657,4688
1353,1971,90-94,90,16478.5,4913
1354,1972,90-94,90,17230.5,5275
1355,1973,90-94,90,17993,5353
1356,1974,90-94,90,18847.5,5638
1357,1975,90-94,90,19868,5653
1358,1976,90-94,90,21116.5,5919
1359,1977,90-94,90,22472,6276
1360,1978,90-94,90,23910,6628
1361,1979,90-94,90,25420.5,7021
1362,1980,90-94,90,26966.5,7451
1363,1981,90-94,90,28587,7853
1364,1982,90-94,90,30409.5,8156
1365,1983,90-94,90,32372,8687
1366,1984,90-94,90,34327,9206
1367,1985,90-94,90,36420,9569
1368,1986,90-94,90,38711.5,9935
1369,1987,90-94,90,41025,10503
1370,1988,90-94,90,43451,11125
1371,1989,90-94,90,46482.5,11547
1372,1990,90-94,90,50083,12447
1373,1991,90-94,90,54301.5,13087
1374,1992,90-94,90,59205.5,14288
1375,1993,90-94,90,64290,15007
1376,1994,90-94,90,68753.5,16075
1377,1995,90-94,90,72460.5,16519
1378,1996,90-94,90,75520.5,17256
1379,1997,90-94,90,77693.5,17697
1380,1998,90-94,90,79644.5,18034
1381,1999,90-94,90,82452,18469
1382,2000,90-94,90,86257,19284
1383,2001,90-94,90,90947.5,20155
1384,2002,90-94,90,96684,21255
1385,2003,90-94,90,102769,22379
1386,2004,90-94,90,107996,23336
1387,2005,90-94,90,112159.5,24209
1388,2006,90-94,90,115452.5,24888
1389,2007,90-94,90,117957,25270
1390,2008,90-94,90,120436,25778
1391,2009,90-94,90,123964,26442
1392,2010,90-94,90,128741,27424
1393,2011,90-94,90,134731,28345
1394,2012,90-94,90,141910,29814
1395,2013,90-94,90,149281.5,31245
1396,2014,90-94,90,155745.5,32466
1397,2015,90-94,90,161170,33530
1398,2016,90-94,90,165641.5,34260
1399,2017,90-94,90,168825.5,35027
1400,2018,90-94,90,171722.5,35539
1401,2019,90-94,90,176246.5,36192
1402,2020,90-94,90,183875,34992
1403,2021,90-94,90,191692.5,41800
1404,2022,90-94,90,200046.5,40162
1405,2023,90-94,90,210099.5,41955
1406,1950,100+,100,175,104
1407,1951,100+,100,157,93
1408,1952,100+,100,143,85
1409,1953,100+,100,127.5,75
1410,1954,100+,100,107,63
1411,1955,100+,100,88.5,52
1412,1956,100+,100,80,48
1413,1957,100+,100,80.5,48
1414,1958,100+,100,81,47
1415,1959,100+,100,77.5,45
1416,1960,100+,100,74,43
1417,1961,100+,100,74,43
1418,1962,100+,100,78,44
1419,1963,100+,100,80,45
1420,1964,100+,100,76.5,44
1421,1965,100+,100,72.5,42
1422,1966,100+,100,69.5,40
1423,1967,100+,100,67,38
1424,1968,100+,100,67,39
1425,1969,100+,100,73.5,42
1426,1970,100+,100,85.5,49
1427,1971,100+,100,99.5,57
1428,1972,100+,100,114,65
1429,1973,100+,100,126.5,72
1430,1974,100+,100,139,80
1431,1975,100+,100,153,85
1432,1976,100+,100,166.5,93
1433,1977,100+,100,181,101
1434,1978,100+,100,198,110
1435,1979,100+,100,214,119
1436,1980,100+,100,229,128
1437,1981,100+,100,246.5,137
1438,1982,100+,100,265.5,145
1439,1983,100+,100,286.5,157
1440,1984,100+,100,312,170
1441,1985,100+,100,338.5,184
1442,1986,100+,100,368.5,196
1443,1987,100+,100,404,214
1444,1988,100+,100,440.5,233
1445,1989,100+,100,481.5,249
1446,1990,100+,100,528,274
1447,1991,100+,100,582.5,296
1448,1992,100+,100,645.5,328
1449,1993,100+,100,716.5,354
1450,1994,100+,100,796.5,394
1451,1995,100+,100,885.5,428
1452,1996,100+,100,984,476
1453,1997,100+,100,1086,524
1454,1998,100+,100,1199,576
1455,1999,100+,100,1340.5,638
1456,2000,100+,100,1510.5,719
1457,2001,100+,100,1715,810
1458,2002,100+,100,1958,917
1459,2003,100+,100,2213.5,1027
1460,2004,100+,100,2448.5,1129
1461,2005,100+,100,2653.5,1224
1462,2006,100+,100,2831.5,1306
1463,2007,100+,100,2983,1370
1464,2008,100+,100,3133,1440
1465,2009,100+,100,3321,1525
1466,2010,100+,100,3548,1629
1467,2011,100+,100,3813.5,1734
1468,2012,100+,100,4119,1871
1469,2013,100+,100,4423,2003
1470,2014,100+,100,4674.5,2112
1471,2015,100+,100,4879.5,2203
1472,2016,100+,100,5066.5,2277
1473,2017,100+,100,5235.5,2361
1474,2018,100+,100,5414,2437
1475,2019,100+,100,5659.5,2534
1476,2020,100+,100,6021,2597
1477,2021,100+,100,6395,2921
1478,2022,100+,100,6834,2870
1479,2023,100+,100,7360,3084
1480,1950,95-99,95,1188,551
1481,1951,95-99,95,1055,483
1482,1952,95-99,95,1032,465
1483,1953,95-99,95,1007.5,450
1484,1954,95-99,95,957.5,427
1485,1955,95-99,95,922,406
1486,1956,95-99,95,919,402
1487,1957,95-99,95,938,408
1488,1958,95-99,95,946.5,409
1489,1959,95-99,95,918.5,397
1490,1960,95-99,95,874,377
1491,1961,95-99,95,831.5,357
1492,1962,95-99,95,796.5,340
1493,1963,95-99,95,800.5,343
1494,1964,95-99,95,880.5,372
1495,1965,95-99,95,1023,431
1496,1966,95-99,95,1195.5,502
1497,1967,95-99,95,1381,582
1498,1968,95-99,95,1557,672
1499,1969,95-99,95,1715.5,733
1500,1970,95-99,95,1862.5,795
1501,1971,95-99,95,2006,855
1502,1972,95-99,95,2139,929
1503,1973,95-99,95,2269.5,968
1504,1974,95-99,95,2405,1031
1505,1975,95-99,95,2556,1059
1506,1976,95-99,95,2734.5,1122
1507,1977,95-99,95,2923,1197
1508,1978,95-99,95,3124,1275
1509,1979,95-99,95,3343.5,1363
1510,1980,95-99,95,3578,1460
1511,1981,95-99,95,3829,1556
1512,1982,95-99,95,4115,1634
1513,1983,95-99,95,4431.5,1760
1514,1984,95-99,95,4758.5,1889
1515,1985,95-99,95,5097.5,2021
1516,1986,95-99,95,5485,2123
1517,1987,95-99,95,5931,2292
1518,1988,95-99,95,6401,2472
1519,1989,95-99,95,6913.5,2600
1520,1990,95-99,95,7475,2818
1521,1991,95-99,95,8076.5,2969
1522,1992,95-99,95,8699,3205
1523,1993,95-99,95,9413,3361
1524,1994,95-99,95,10311,3674
1525,1995,95-99,95,11383,3947
1526,1996,95-99,95,12634.5,4375
1527,1997,95-99,95,14036.5,4840
1528,1998,95-99,95,15443.5,5299
1529,1999,95-99,95,16777.5,5458
1530,2000,95-99,95,17990,5871
1531,2001,95-99,95,18970,6162
1532,2002,95-99,95,19721.5,6372
1533,2003,95-99,95,20426,6539
1534,2004,95-99,95,21388.5,6773
1535,2005,95-99,95,22651,7137
1536,2006,95-99,95,24160,7574
1537,2007,95-99,95,25939,8067
1538,2008,95-99,95,27762,8629
1539,2009,95-99,95,29256.5,9096
1540,2010,95-99,95,30405.5,9480
1541,2011,95-99,95,31355,9694
1542,2012,95-99,95,32129.5,9942
1543,2013,95-99,95,32935.5,10155
1544,2014,95-99,95,34113.5,10454
1545,2015,95-99,95,35702,10881
1546,2016,95-99,95,37652,11374
1547,2017,95-99,95,39905,12067
1548,2018,95-99,95,42154,12713
1549,2019,95-99,95,44108,13239
1550,2020,95-99,95,46106.5,13151
1551,2021,95-99,95,47499.5,14848
1552,2022,95-99,95,48244,14326
1553,2023,95-99,95,49370.5,14598
